ticker,sector,industry
ACSEL,İMALAT,İMALAT
ADEL,İMALAT,İMALAT
ADESE,GAYRİMENKUL FAALİYETLERİ,GAYRİMENKUL FAALİYETLERİ
ADGYO,MALİ KURULUŞLAR,MALİ KURULUŞLAR
AEFES,İMALAT,İMALAT
AFYON,İMALAT,İMALAT
AGESA,MALİ KURULUŞLAR,MALİ KURULUŞLAR
AGHOL,MALİ KURULUŞLAR,MALİ KURULUŞLAR
AGROT,"TARIM, ORMANCILIK VE BALIKÇILIK","TARIM, ORMANCILIK VE BALIKÇILIK"
AGYO,MALİ KURULUŞLAR,MALİ KURULUŞLAR
AHGAZ,ELEKTRİK GAZ VE SU,ELEKTRİK GAZ VE SU
AHSGY,MALİ KURULUŞLAR,MALİ KURULUŞLAR
AKBNK,MALİ KURULUŞLAR,MALİ KURULUŞLAR
AKCNS,İMALAT,İMALAT
AKENR,ELEKTRİK GAZ VE SU,ELEKTRİK GAZ VE SU
AKFGY,MALİ KURULUŞLAR,MALİ KURULUŞLAR
AKFIS,İNŞAAT VE BAYINDIRLIK,İNŞAAT VE BAYINDIRLIK
AKFYE,ELEKTRİK GAZ VE SU,ELEKTRİK GAZ VE SU
AKGRT,MALİ KURULUŞLAR,MALİ KURULUŞLAR
AKHAN,,
AKMGY,MALİ KURULUŞLAR,MALİ KURULUŞLAR
AKSA,İMALAT,İMALAT
AKSEN,ELEKTRİK GAZ VE SU,ELEKTRİK GAZ VE SU
AKSGY,MALİ KURULUŞLAR,MALİ KURULUŞLAR
AKSUE,ELEKTRİK GAZ VE SU,ELEKTRİK GAZ VE SU
AKYHO,MALİ KURULUŞLAR,MALİ KURULUŞLAR
ALARK,MALİ KURULUŞLAR,MALİ KURULUŞLAR
ALBRK,MALİ KURULUŞLAR,MALİ KURULUŞLAR
ALCAR,İMALAT,İMALAT
ALCTL,TEKNOLOJİ,TEKNOLOJİ
ALFAS,ELEKTRİK GAZ VE SU,ELEKTRİK GAZ VE SU
ALGYO,MALİ KURULUŞLAR,MALİ KURULUŞLAR
ALKA,İMALAT,İMALAT
ALKIM,İMALAT,İMALAT
ALKLC,İMALAT,İMALAT
ALTNY,TEKNOLOJİ,TEKNOLOJİ
ALVES,İMALAT,İMALAT
ANELE,İNŞAAT VE BAYINDIRLIK,İNŞAAT VE BAYINDIRLIK
ANGEN,İMALAT,İMALAT
ANHYT,MALİ KURULUŞLAR,MALİ KURULUŞLAR
ANSGR,MALİ KURULUŞLAR,MALİ KURULUŞLAR
ARASE,ELEKTRİK GAZ VE SU,ELEKTRİK GAZ VE SU
ARCLK,İMALAT,İMALAT
ARDYZ,TEKNOLOJİ,TEKNOLOJİ
ARENA,TEKNOLOJİ,TEKNOLOJİ
ARFYE,ELEKTRİK GAZ VE SU,ELEKTRİK GAZ VE SU
ARMGD,İMALAT,İMALAT
ARSAN,MALİ KURULUŞLAR,MALİ KURULUŞLAR
ARTMS,İMALAT,İMALAT
ARZUM,TOPTAN VE PERAKENDE TİCARET,TOPTAN VE PERAKENDE TİCARET
ASELS,TEKNOLOJİ,TEKNOLOJİ
ASGYO,MALİ KURULUŞLAR,MALİ KURULUŞLAR
ASTOR,İMALAT,İMALAT
ASUZU,İMALAT,İMALAT
ATAGY,MALİ KURULUŞLAR,MALİ KURULUŞLAR
ATAKP,İMALAT,İMALAT
ATATP,TEKNOLOJİ,TEKNOLOJİ
ATEKS,İMALAT,İMALAT
ATLAS,MALİ KURULUŞLAR,MALİ KURULUŞLAR
ATSYH,MALİ KURULUŞLAR,MALİ KURULUŞLAR
AVGYO,MALİ KURULUŞLAR,MALİ KURULUŞLAR
AVHOL,MALİ KURULUŞLAR,MALİ KURULUŞLAR
AVOD,İMALAT,İMALAT
AVPGY,MALİ KURULUŞLAR,MALİ KURULUŞLAR
AVTUR,OTELLER VE LOKANTALAR,OTELLER VE LOKANTALAR
AYCES,OTELLER VE LOKANTALAR,OTELLER VE LOKANTALAR
AYDEM,ELEKTRİK GAZ VE SU,ELEKTRİK GAZ VE SU
AYEN,ELEKTRİK GAZ VE SU,ELEKTRİK GAZ VE SU
AYES,İMALAT,İMALAT
AYGAZ,İMALAT,İMALAT
AZTEK,TEKNOLOJİ,TEKNOLOJİ
BAGFS,İMALAT,İMALAT
BAHKM,İMALAT,İMALAT
BAKAB,İMALAT,İMALAT
BALAT,İMALAT,İMALAT
BALSU,İMALAT,İMALAT
BANVT,İMALAT,İMALAT
BARMA,İMALAT,İMALAT
BASCM,İMALAT,İMALAT
BASGZ,MALİ KURULUŞLAR,MALİ KURULUŞLAR
BAYRK,İMALAT,İMALAT
BEGYO,MALİ KURULUŞLAR,MALİ KURULUŞLAR
BERA,MALİ KURULUŞLAR,MALİ KURULUŞLAR
BESLR,İMALAT,İMALAT
BESTE,,
BEYAZ,ULAŞTIRMA VE DEPOLAMA,ULAŞTIRMA VE DEPOLAMA
BFREN,İMALAT,İMALAT
BIENY,İMALAT,İMALAT
BIGCH,OTELLER VE LOKANTALAR,OTELLER VE LOKANTALAR
BIGEN,ELEKTRİK GAZ VE SU,ELEKTRİK GAZ VE SU
BIGTK,BİLGİ VE İLETİŞİM,BİLGİ VE İLETİŞİM
BIMAS,TOPTAN VE PERAKENDE TİCARET,TOPTAN VE PERAKENDE TİCARET
BINBN,TEKNOLOJİ,TEKNOLOJİ
BINHO,MALİ KURULUŞLAR,MALİ KURULUŞLAR
BIOEN,ELEKTRİK GAZ VE SU,ELEKTRİK GAZ VE SU
BIZIM,TOPTAN VE PERAKENDE TİCARET,TOPTAN VE PERAKENDE TİCARET
BJKAS,EĞİTİM SAĞLIK SPOR VE EĞLENCE HİZMETLERİ,EĞİTİM SAĞLIK SPOR VE EĞLENCE HİZMETLERİ
BLCYT,İMALAT,İMALAT
BLUME,İMALAT,İMALAT
BMSCH,İMALAT,İMALAT
BMSTL,İMALAT,İMALAT
BNTAS,İMALAT,İMALAT
BOBET,İMALAT,İMALAT
BORLS,İDARİ VE DESTEK HİZMET FAALİYETLERİ,İDARİ VE DESTEK HİZMET FAALİYETLERİ
BORSK,İMALAT,İMALAT
BOSSA,İMALAT,İMALAT
BRISA,İMALAT,İMALAT
BRKO,,
BRKSN,İMALAT,İMALAT
BRKVY,MALİ KURULUŞLAR,MALİ KURULUŞLAR
BRLSM,İNŞAAT VE BAYINDIRLIK,İNŞAAT VE BAYINDIRLIK
BRMEN,İMALAT,İMALAT
BRSAN,İMALAT,İMALAT
BRYAT,MALİ KURULUŞLAR,MALİ KURULUŞLAR
BSOKE,İMALAT,İMALAT
BTCIM,İMALAT,İMALAT
BUCIM,İMALAT,İMALAT
BULGS,MALİ KURULUŞLAR,MALİ KURULUŞLAR
BURCE,İMALAT,İMALAT
BURVA,İMALAT,İMALAT
BVSAN,İMALAT,İMALAT
BYDNR,OTELLER VE LOKANTALAR,OTELLER VE LOKANTALAR
CANTE,ELEKTRİK GAZ VE SU,ELEKTRİK GAZ VE SU
CASA,,
CATES,ELEKTRİK GAZ VE SU,ELEKTRİK GAZ VE SU
CCOLA,İMALAT,İMALAT
CELHA,İMALAT,İMALAT
CEMAS,İMALAT,İMALAT
CEMTS,İMALAT,İMALAT
CEMZY,İMALAT,İMALAT
CEOEM,İDARİ VE DESTEK HİZMET FAALİYETLERİ,İDARİ VE DESTEK HİZMET FAALİYETLERİ
CGCAM,İMALAT,İMALAT
CIMSA,İMALAT,İMALAT
CLEBI,ULAŞTIRMA VE DEPOLAMA,ULAŞTIRMA VE DEPOLAMA
CMBTN,İMALAT,İMALAT
CMENT,İMALAT,İMALAT
CONSE,ELEKTRİK GAZ VE SU,ELEKTRİK GAZ VE SU
COSMO,MALİ KURULUŞLAR,MALİ KURULUŞLAR
CRDFA,MALİ KURULUŞLAR,MALİ KURULUŞLAR
CRFSA,TOPTAN VE PERAKENDE TİCARET,TOPTAN VE PERAKENDE TİCARET
CUSAN,İMALAT,İMALAT
CVKMD,MADENCİLİK VE TAŞ OCAKÇILIĞI,MADENCİLİK VE TAŞ OCAKÇILIĞI
CWENE,ELEKTRİK GAZ VE SU,ELEKTRİK GAZ VE SU
DAGI,İMALAT,İMALAT
DAPGM,İNŞAAT VE BAYINDIRLIK,İNŞAAT VE BAYINDIRLIK
DARDL,İMALAT,İMALAT
DCTTR,TOPTAN VE PERAKENDE TİCARET,TOPTAN VE PERAKENDE TİCARET
DENGE,MALİ KURULUŞLAR,MALİ KURULUŞLAR
DERHL,MALİ KURULUŞLAR,MALİ KURULUŞLAR
DERIM,İMALAT,İMALAT
DESA,İMALAT,İMALAT
DESPC,TEKNOLOJİ,TEKNOLOJİ
DEVA,İMALAT,İMALAT
DGATE,TEKNOLOJİ,TEKNOLOJİ
DGGYO,MALİ KURULUŞLAR,MALİ KURULUŞLAR
DGNMO,İMALAT,İMALAT
DIRIT,,
DITAS,İMALAT,İMALAT
DMLKTG,,
DMRGD,İMALAT,İMALAT
DMSAS,İMALAT,İMALAT
DNISI,İMALAT,İMALAT
DOAS,TOPTAN VE PERAKENDE TİCARET,TOPTAN VE PERAKENDE TİCARET
DOCO,,
DOFER,İMALAT,İMALAT
DOFRB,TEKNOLOJİ,TEKNOLOJİ
DOGUB,İMALAT,İMALAT
DOHOL,MALİ KURULUŞLAR,MALİ KURULUŞLAR
DOKTA,İMALAT,İMALAT
DSTKF,MALİ KURULUŞLAR,MALİ KURULUŞLAR
DUNYH,MALİ KURULUŞLAR,MALİ KURULUŞLAR
DURDO,İMALAT,İMALAT
DURKN,İMALAT,İMALAT
DYOBY,İMALAT,İMALAT
DZGYO,MALİ KURULUŞLAR,MALİ KURULUŞLAR
EBEBK,TOPTAN VE PERAKENDE TİCARET,TOPTAN VE PERAKENDE TİCARET
ECILC,MALİ KURULUŞLAR,MALİ KURULUŞLAR
ECOGR,,
ECZYT,MALİ KURULUŞLAR,MALİ KURULUŞLAR
EDATA,TEKNOLOJİ,TEKNOLOJİ
EDIP,İNŞAAT VE BAYINDIRLIK,İNŞAAT VE BAYINDIRLIK
EFOR,İMALAT,İMALAT
EGEEN,İMALAT,İMALAT
EGEGY,MALİ KURULUŞLAR,MALİ KURULUŞLAR
EGEPO,EĞİTİM SAĞLIK SPOR VE EĞLENCE HİZMETLERİ,EĞİTİM SAĞLIK SPOR VE EĞLENCE HİZMETLERİ
EGGUB,İMALAT,İMALAT
EGPRO,İMALAT,İMALAT
EGSER,İMALAT,İMALAT
EKGYO,MALİ KURULUŞLAR,MALİ KURULUŞLAR
EKIZ,İMALAT,İMALAT
EKOS,İMALAT,İMALAT
EKSUN,İMALAT,İMALAT
ELITE,İMALAT,İMALAT
EMKEL,İMALAT,İMALAT
EMNIS,İMALAT,İMALAT
ENDAE,ELEKTRİK GAZ VE SU,ELEKTRİK GAZ VE SU
ENERY,ELEKTRİK GAZ VE SU,ELEKTRİK GAZ VE SU
ENJSA,ELEKTRİK GAZ VE SU,ELEKTRİK GAZ VE SU
ENKAI,İNŞAAT VE BAYINDIRLIK,İNŞAAT VE BAYINDIRLIK
ENSRI,İMALAT,İMALAT
ENTRA,ELEKTRİK GAZ VE SU,ELEKTRİK GAZ VE SU
EPLAS,İMALAT,İMALAT
ERBOS,İMALAT,İMALAT
ERCB,İMALAT,İMALAT
EREGL,İMALAT,İMALAT
ERSU,İMALAT,İMALAT
ESCAR,İDARİ VE DESTEK HİZMET FAALİYETLERİ,İDARİ VE DESTEK HİZMET FAALİYETLERİ
ESCOM,TEKNOLOJİ,TEKNOLOJİ
ESEN,ELEKTRİK GAZ VE SU,ELEKTRİK GAZ VE SU
ETILR,,
ETYAT,MALİ KURULUŞLAR,MALİ KURULUŞLAR
EUHOL,MALİ KURULUŞLAR,MALİ KURULUŞLAR
EUKYO,MALİ KURULUŞLAR,MALİ KURULUŞLAR
EUPWR,İMALAT,İMALAT
EUREN,İMALAT,İMALAT
EUYO,MALİ KURULUŞLAR,MALİ KURULUŞLAR
EYGYO,MALİ KURULUŞLAR,MALİ KURULUŞLAR
FADE,İMALAT,İMALAT
FENER,EĞİTİM SAĞLIK SPOR VE EĞLENCE HİZMETLERİ,EĞİTİM SAĞLIK SPOR VE EĞLENCE HİZMETLERİ
FLAP,İDARİ VE DESTEK HİZMET FAALİYETLERİ,İDARİ VE DESTEK HİZMET FAALİYETLERİ
FMIZP,İMALAT,İMALAT
FONET,TEKNOLOJİ,TEKNOLOJİ
FORMT,İMALAT,İMALAT
FORTE,TEKNOLOJİ,TEKNOLOJİ
FRIGO,İMALAT,İMALAT
FRMPL,İMALAT,İMALAT
FROTO,İMALAT,İMALAT
FZLGY,MALİ KURULUŞLAR,MALİ KURULUŞLAR
GARAN,MALİ KURULUŞLAR,MALİ KURULUŞLAR
GARFA,MALİ KURULUŞLAR,MALİ KURULUŞLAR
GATEG,EĞİTİM SAĞLIK SPOR VE EĞLENCE HİZMETLERİ,EĞİTİM SAĞLIK SPOR VE EĞLENCE HİZMETLERİ
GEDIK,MALİ KURULUŞLAR,MALİ KURULUŞLAR
GEDZA,İMALAT,İMALAT
GENIL,TOPTAN VE PERAKENDE TİCARET,TOPTAN VE PERAKENDE TİCARET
GENTS,İMALAT,İMALAT
GEREL,İMALAT,İMALAT
GESAN,İNŞAAT VE BAYINDIRLIK,İNŞAAT VE BAYINDIRLIK
GIPTA,İMALAT,İMALAT
GLBMD,MALİ KURULUŞLAR,MALİ KURULUŞLAR
GLCVY,MALİ KURULUŞLAR,MALİ KURULUŞLAR
GLRMK,İNŞAAT VE BAYINDIRLIK,İNŞAAT VE BAYINDIRLIK
GLRYH,MALİ KURULUŞLAR,MALİ KURULUŞLAR
GLYHO,MALİ KURULUŞLAR,MALİ KURULUŞLAR
GMTAS,TOPTAN VE PERAKENDE TİCARET,TOPTAN VE PERAKENDE TİCARET
GOKNR,İMALAT,İMALAT
GOLTS,İMALAT,İMALAT
GOODY,İMALAT,İMALAT
GOZDE,MALİ KURULUŞLAR,MALİ KURULUŞLAR
GRNYO,MALİ KURULUŞLAR,MALİ KURULUŞLAR
GRSEL,ULAŞTIRMA VE DEPOLAMA,ULAŞTIRMA VE DEPOLAMA
GRTHO,MALİ KURULUŞLAR,MALİ KURULUŞLAR
GSDDE,ULAŞTIRMA VE DEPOLAMA,ULAŞTIRMA VE DEPOLAMA
GSDHO,MALİ KURULUŞLAR,MALİ KURULUŞLAR
GSRAY,EĞİTİM SAĞLIK SPOR VE EĞLENCE HİZMETLERİ,EĞİTİM SAĞLIK SPOR VE EĞLENCE HİZMETLERİ
GUBRF,İMALAT,İMALAT
GUNDG,İMALAT,İMALAT
GWIND,ELEKTRİK GAZ VE SU,ELEKTRİK GAZ VE SU
GZNMI,İDARİ VE DESTEK HİZMET FAALİYETLERİ,İDARİ VE DESTEK HİZMET FAALİYETLERİ
HALKB,MALİ KURULUŞLAR,MALİ KURULUŞLAR
HATEK,İMALAT,İMALAT
HATSN,İMALAT,İMALAT
HDFGS,MALİ KURULUŞLAR,MALİ KURULUŞLAR
HEDEF,MALİ KURULUŞLAR,MALİ KURULUŞLAR
HEKTS,İMALAT,İMALAT
HKTM,İMALAT,İMALAT
HLGYO,MALİ KURULUŞLAR,MALİ KURULUŞLAR
HOROZ,ULAŞTIRMA VE DEPOLAMA,ULAŞTIRMA VE DEPOLAMA
HRKET,ULAŞTIRMA VE DEPOLAMA,ULAŞTIRMA VE DEPOLAMA
HTTBT,TEKNOLOJİ,TEKNOLOJİ
HUBVC,MALİ KURULUŞLAR,MALİ KURULUŞLAR
HUNER,ELEKTRİK GAZ VE SU,ELEKTRİK GAZ VE SU
HURGZ,BİLGİ VE İLETİŞİM,BİLGİ VE İLETİŞİM
ICBCT,MALİ KURULUŞLAR,MALİ KURULUŞLAR
ICUGS,MALİ KURULUŞLAR,MALİ KURULUŞLAR
IDGYO,MALİ KURULUŞLAR,MALİ KURULUŞLAR
IEYHO,MALİ KURULUŞLAR,MALİ KURULUŞLAR
IHAAS,BİLGİ VE İLETİŞİM,BİLGİ VE İLETİŞİM
IHEVA,İMALAT,İMALAT
IHGZT,BİLGİ VE İLETİŞİM,BİLGİ VE İLETİŞİM
IHLAS,MALİ KURULUŞLAR,MALİ KURULUŞLAR
IHLGM,GAYRİMENKUL FAALİYETLERİ,GAYRİMENKUL FAALİYETLERİ
IHYAY,MALİ KURULUŞLAR,MALİ KURULUŞLAR
IMASM,İMALAT,İMALAT
INDES,TEKNOLOJİ,TEKNOLOJİ
INFO,MALİ KURULUŞLAR,MALİ KURULUŞLAR
INGRM,TEKNOLOJİ,TEKNOLOJİ
INTEK,TEKNOLOJİ,TEKNOLOJİ
INTEM,TOPTAN VE PERAKENDE TİCARET,TOPTAN VE PERAKENDE TİCARET
INVEO,MALİ KURULUŞLAR,MALİ KURULUŞLAR
INVES,MALİ KURULUŞLAR,MALİ KURULUŞLAR
ISATR,MALİ KURULUŞLAR,MALİ KURULUŞLAR
ISBIR,MALİ KURULUŞLAR,MALİ KURULUŞLAR
ISBTR,MALİ KURULUŞLAR,MALİ KURULUŞLAR
ISCTR,MALİ KURULUŞLAR,MALİ KURULUŞLAR
ISDMR,İMALAT,İMALAT
ISFIN,MALİ KURULUŞLAR,MALİ KURULUŞLAR
ISGSY,MALİ KURULUŞLAR,MALİ KURULUŞLAR
ISGYO,MALİ KURULUŞLAR,MALİ KURULUŞLAR
ISKPL,İMALAT,İMALAT
ISKUR,MALİ KURULUŞLAR,MALİ KURULUŞLAR
ISMEN,MALİ KURULUŞLAR,MALİ KURULUŞLAR
ISSEN,İMALAT,İMALAT
ISYAT,MALİ KURULUŞLAR,MALİ KURULUŞLAR
IZENR,ELEKTRİK GAZ VE SU,ELEKTRİK GAZ VE SU
IZFAS,İMALAT,İMALAT
IZINV,"TARIM, ORMANCILIK VE BALIKÇILIK","TARIM, ORMANCILIK VE BALIKÇILIK"
IZMDC,İMALAT,İMALAT
JANTS,İMALAT,İMALAT
KAPLM,İMALAT,İMALAT
KAREL,TEKNOLOJİ,TEKNOLOJİ
KARSN,İMALAT,İMALAT
KARTN,İMALAT,İMALAT
KATMR,İMALAT,İMALAT
KAYSE,İMALAT,İMALAT
KBORU,İMALAT,İMALAT
KCAER,İMALAT,İMALAT
KCHOL,MALİ KURULUŞLAR,MALİ KURULUŞLAR
KENT,İMALAT,İMALAT
KERVN,MALİ KURULUŞLAR,MALİ KURULUŞLAR
KFEIN,TEKNOLOJİ,TEKNOLOJİ
KGYO,MALİ KURULUŞLAR,MALİ KURULUŞLAR
KIMMR,TOPTAN VE PERAKENDE TİCARET,TOPTAN VE PERAKENDE TİCARET
KLGYO,MALİ KURULUŞLAR,MALİ KURULUŞLAR
KLKIM,İMALAT,İMALAT
KLMSN,İMALAT,İMALAT
KLNMA,MALİ KURULUŞLAR,MALİ KURULUŞLAR
KLRHO,MALİ KURULUŞLAR,MALİ KURULUŞLAR
KLSER,İMALAT,İMALAT
KLSYN,İMALAT,İMALAT
KLYPV,ELEKTRİK GAZ VE SU,ELEKTRİK GAZ VE SU
KMPUR,İMALAT,İMALAT
KNFRT,"TARIM, ORMANCILIK VE BALIKÇILIK","TARIM, ORMANCILIK VE BALIKÇILIK"
KOCMT,İMALAT,İMALAT
KONKA,İMALAT,İMALAT
KONTR,"MESLEKİ, BİLİMSEL VE TEKNİK FAALİYETLER","MESLEKİ, BİLİMSEL VE TEKNİK FAALİYETLER"
KONYA,İMALAT,İMALAT
KOPOL,İMALAT,İMALAT
KORDS,İMALAT,İMALAT
KOTON,TOPTAN VE PERAKENDE TİCARET,TOPTAN VE PERAKENDE TİCARET
KRDMA,İMALAT,İMALAT
KRDMB,İMALAT,İMALAT
KRDMD,İMALAT,İMALAT
KRGYO,MALİ KURULUŞLAR,MALİ KURULUŞLAR
KRONT,TEKNOLOJİ,TEKNOLOJİ
KRPLS,İMALAT,İMALAT
KRSTL,İMALAT,İMALAT
KRTEK,İMALAT,İMALAT
KRVGD,İMALAT,İMALAT
KSTUR,OTELLER VE LOKANTALAR,OTELLER VE LOKANTALAR
KTLEV,MALİ KURULUŞLAR,MALİ KURULUŞLAR
KTSKR,İMALAT,İMALAT
KUTPO,İMALAT,İMALAT
KUVVA,TOPTAN VE PERAKENDE TİCARET,TOPTAN VE PERAKENDE TİCARET
KUYAS,İNŞAAT VE BAYINDIRLIK,İNŞAAT VE BAYINDIRLIK
KZBGY,MALİ KURULUŞLAR,MALİ KURULUŞLAR
KZGYO,MALİ KURULUŞLAR,MALİ KURULUŞLAR
LIDER,İDARİ VE DESTEK HİZMET FAALİYETLERİ,İDARİ VE DESTEK HİZMET FAALİYETLERİ
LIDFA,MALİ KURULUŞLAR,MALİ KURULUŞLAR
LILAK,İMALAT,İMALAT
LINK,TEKNOLOJİ,TEKNOLOJİ
LKMNH,,
LMKDC,,
LOGO,TEKNOLOJİ,TEKNOLOJİ
LRSHO,MALİ KURULUŞLAR,MALİ KURULUŞLAR
LUKSK,İMALAT,İMALAT
LYDHO,MALİ KURULUŞLAR,MALİ KURULUŞLAR
LYDYE,ELEKTRİK GAZ VE SU,ELEKTRİK GAZ VE SU
MAALT,OTELLER VE LOKANTALAR,OTELLER VE LOKANTALAR
MACKO,EĞİTİM SAĞLIK SPOR VE EĞLENCE HİZMETLERİ,EĞİTİM SAĞLIK SPOR VE EĞLENCE HİZMETLERİ
MAGEN,ELEKTRİK GAZ VE SU,ELEKTRİK GAZ VE SU
MAKIM,İMALAT,İMALAT
MAKTK,İMALAT,İMALAT
MANAS,TEKNOLOJİ,TEKNOLOJİ
MARBL,İMALAT,İMALAT
MARKA,MALİ KURULUŞLAR,MALİ KURULUŞLAR
MARMR,İMALAT,İMALAT
MARTI,OTELLER VE LOKANTALAR,OTELLER VE LOKANTALAR
MAVI,TOPTAN VE PERAKENDE TİCARET,TOPTAN VE PERAKENDE TİCARET
MEDTR,İMALAT,İMALAT
MEGAP,İMALAT,İMALAT
MEGMT,İMALAT,İMALAT
MEKAG,,
MEPET,,
MERCN,İMALAT,İMALAT
MERIT,OTELLER VE LOKANTALAR,OTELLER VE LOKANTALAR
MERKO,İMALAT,İMALAT
METRO,,
MEYSU,İMALAT,İMALAT
MGROS,TOPTAN VE PERAKENDE TİCARET,TOPTAN VE PERAKENDE TİCARET
MHRGY,MALİ KURULUŞLAR,MALİ KURULUŞLAR
MIATK,TEKNOLOJİ,TEKNOLOJİ
MMCAS,MALİ KURULUŞLAR,MALİ KURULUŞLAR
MNDRS,İMALAT,İMALAT
MNDTR,İMALAT,İMALAT
MOBTL,TEKNOLOJİ,TEKNOLOJİ
MOGAN,ELEKTRİK GAZ VE SU,ELEKTRİK GAZ VE SU
MOPAS,TOPTAN VE PERAKENDE TİCARET,TOPTAN VE PERAKENDE TİCARET
MPARK,EĞİTİM SAĞLIK SPOR VE EĞLENCE HİZMETLERİ,EĞİTİM SAĞLIK SPOR VE EĞLENCE HİZMETLERİ
MRGYO,MALİ KURULUŞLAR,MALİ KURULUŞLAR
MRSHL,İMALAT,İMALAT
MSGYO,MALİ KURULUŞLAR,MALİ KURULUŞLAR
MTRKS,TEKNOLOJİ,TEKNOLOJİ
MTRYO,MALİ KURULUŞLAR,MALİ KURULUŞLAR
MZHLD,MALİ KURULUŞLAR,MALİ KURULUŞLAR
NATEN,ELEKTRİK GAZ VE SU,ELEKTRİK GAZ VE SU
NETAS,TEKNOLOJİ,TEKNOLOJİ
NETCD,TEKNOLOJİ,TEKNOLOJİ
NIBAS,İMALAT,İMALAT
NTGAZ,ELEKTRİK GAZ VE SU,ELEKTRİK GAZ VE SU
NTHOL,MALİ KURULUŞLAR,MALİ KURULUŞLAR
NUGYO,MALİ KURULUŞLAR,MALİ KURULUŞLAR
NUHCM,İMALAT,İMALAT
OBAMS,İMALAT,İMALAT
OBASE,TEKNOLOJİ,TEKNOLOJİ
ODAS,ELEKTRİK GAZ VE SU,ELEKTRİK GAZ VE SU
ODINE,TEKNOLOJİ,TEKNOLOJİ
OFSYM,İMALAT,İMALAT
ONCSM,İMALAT,İMALAT
ONRYT,TEKNOLOJİ,TEKNOLOJİ
ORCAY,İMALAT,İMALAT
ORGE,İNŞAAT VE BAYINDIRLIK,İNŞAAT VE BAYINDIRLIK
ORMA,İMALAT,İMALAT
OSMEN,MALİ KURULUŞLAR,MALİ KURULUŞLAR
OSTIM,MALİ KURULUŞLAR,MALİ KURULUŞLAR
OTKAR,İMALAT,İMALAT
OTTO,MALİ KURULUŞLAR,MALİ KURULUŞLAR
OYAKC,İMALAT,İMALAT
OYAYO,MALİ KURULUŞLAR,MALİ KURULUŞLAR
OYLUM,İMALAT,İMALAT
OYYAT,MALİ KURULUŞLAR,MALİ KURULUŞLAR
OZATD,İMALAT,İMALAT
OZGYO,MALİ KURULUŞLAR,MALİ KURULUŞLAR
OZKGY,MALİ KURULUŞLAR,MALİ KURULUŞLAR
OZRDN,İMALAT,İMALAT
OZSUB,"TARIM, ORMANCILIK VE BALIKÇILIK","TARIM, ORMANCILIK VE BALIKÇILIK"
OZYSR,İMALAT,İMALAT
PAGYO,MALİ KURULUŞLAR,MALİ KURULUŞLAR
PAHOL,,
PAMEL,ELEKTRİK GAZ VE SU,ELEKTRİK GAZ VE SU
PAPIL,TEKNOLOJİ,TEKNOLOJİ
PARSN,İMALAT,İMALAT
PASEU,ULAŞTIRMA VE DEPOLAMA,ULAŞTIRMA VE DEPOLAMA
PATEK,TEKNOLOJİ,TEKNOLOJİ
PCILT,"MESLEKİ, BİLİMSEL VE TEKNİK FAALİYETLER","MESLEKİ, BİLİMSEL VE TEKNİK FAALİYETLER"
PEKGY,MALİ KURULUŞLAR,MALİ KURULUŞLAR
PENGD,İMALAT,İMALAT
PENTA,TEKNOLOJİ,TEKNOLOJİ
PETKM,İMALAT,İMALAT
PETUN,İMALAT,İMALAT
PGSUS,ULAŞTIRMA VE DEPOLAMA,ULAŞTIRMA VE DEPOLAMA
PINSU,İMALAT,İMALAT
PKART,TEKNOLOJİ,TEKNOLOJİ
PKENT,,
PLTUR,İDARİ VE DESTEK HİZMET FAALİYETLERİ,İDARİ VE DESTEK HİZMET FAALİYETLERİ
PNLSN,İMALAT,İMALAT
PNSUT,İMALAT,İMALAT
POLHO,MALİ KURULUŞLAR,MALİ KURULUŞLAR
POLTK,İMALAT,İMALAT
PRDGS,MALİ KURULUŞLAR,MALİ KURULUŞLAR
PRKAB,İMALAT,İMALAT
PRKME,MADENCİLİK VE TAŞ OCAKÇILIĞI,MADENCİLİK VE TAŞ OCAKÇILIĞI
PRZMA,İMALAT,İMALAT
PSDTC,TOPTAN VE PERAKENDE TİCARET,TOPTAN VE PERAKENDE TİCARET
PSGYO,MALİ KURULUŞLAR,MALİ KURULUŞLAR
QNBFK,MALİ KURULUŞLAR,MALİ KURULUŞLAR
QNBTR,MALİ KURULUŞLAR,MALİ KURULUŞLAR
QUAGR,İMALAT,İMALAT
RALYH,MALİ KURULUŞLAR,MALİ KURULUŞLAR
RAYSG,MALİ KURULUŞLAR,MALİ KURULUŞLAR
REEDR,TEKNOLOJİ,TEKNOLOJİ
RGYAS,GAYRİMENKUL FAALİYETLERİ,GAYRİMENKUL FAALİYETLERİ
RNPOL,İMALAT,İMALAT
RODRG,İMALAT,İMALAT
ROYAL,İMALAT,İMALAT
RTALB,İMALAT,İMALAT
RUBNS,İMALAT,İMALAT
RUZYE,MADENCİLİK VE TAŞ OCAKÇILIĞI,MADENCİLİK VE TAŞ OCAKÇILIĞI
RYGYO,MALİ KURULUŞLAR,MALİ KURULUŞLAR
RYSAS,ULAŞTIRMA VE DEPOLAMA,ULAŞTIRMA VE DEPOLAMA
SAFKR,İMALAT,İMALAT
SAHOL,MALİ KURULUŞLAR,MALİ KURULUŞLAR
SAMAT,,
SANEL,İNŞAAT VE BAYINDIRLIK,İNŞAAT VE BAYINDIRLIK
SANFM,İMALAT,İMALAT
SANKO,TOPTAN VE PERAKENDE TİCARET,TOPTAN VE PERAKENDE TİCARET
SARKY,İMALAT,İMALAT
SASA,İMALAT,İMALAT
SAYAS,İMALAT,İMALAT
SDTTR,TEKNOLOJİ,TEKNOLOJİ
SEGMN,İMALAT,İMALAT
SEGYO,MALİ KURULUŞLAR,MALİ KURULUŞLAR
SEKFK,MALİ KURULUŞLAR,MALİ KURULUŞLAR
SEKUR,İMALAT,İMALAT
SELEC,TOPTAN VE PERAKENDE TİCARET,TOPTAN VE PERAKENDE TİCARET
SELVA,İMALAT,İMALAT
SERNT,İMALAT,İMALAT
SEYKM,İMALAT,İMALAT
SILVR,İMALAT,İMALAT
SISE,MALİ KURULUŞLAR,MALİ KURULUŞLAR
SKBNK,MALİ KURULUŞLAR,MALİ KURULUŞLAR
SKTAS,İMALAT,İMALAT
SKYLP,"MESLEKİ, BİLİMSEL VE TEKNİK FAALİYETLER","MESLEKİ, BİLİMSEL VE TEKNİK FAALİYETLER"
SKYMD,MALİ KURULUŞLAR,MALİ KURULUŞLAR
SMART,TEKNOLOJİ,TEKNOLOJİ
SMRTG,ELEKTRİK GAZ VE SU,ELEKTRİK GAZ VE SU
SMRVA,MALİ KURULUŞLAR,MALİ KURULUŞLAR
SNGYO,MALİ KURULUŞLAR,MALİ KURULUŞLAR
SNICA,İMALAT,İMALAT
SNKRN,,
SNPAM,İMALAT,İMALAT
SODSN,İMALAT,İMALAT
SOKE,İMALAT,İMALAT
SOKM,TOPTAN VE PERAKENDE TİCARET,TOPTAN VE PERAKENDE TİCARET
SONME,GAYRİMENKUL FAALİYETLERİ,GAYRİMENKUL FAALİYETLERİ
SRVGY,MALİ KURULUŞLAR,MALİ KURULUŞLAR
SUMAS,İMALAT,İMALAT
SUNTK,İMALAT,İMALAT
SURGY,MALİ KURULUŞLAR,MALİ KURULUŞLAR
SUWEN,TOPTAN VE PERAKENDE TİCARET,TOPTAN VE PERAKENDE TİCARET
TABGD,OTELLER VE LOKANTALAR,OTELLER VE LOKANTALAR
TARKM,İMALAT,İMALAT
TATEN,ELEKTRİK GAZ VE SU,ELEKTRİK GAZ VE SU
TATGD,İMALAT,İMALAT
TAVHL,MALİ KURULUŞLAR,MALİ KURULUŞLAR
TBORG,İMALAT,İMALAT
TCELL,BİLGİ VE İLETİŞİM,BİLGİ VE İLETİŞİM
TCKRC,İMALAT,İMALAT
TDGYO,MALİ KURULUŞLAR,MALİ KURULUŞLAR
TEHOL,MALİ KURULUŞLAR,MALİ KURULUŞLAR
TEKTU,OTELLER VE LOKANTALAR,OTELLER VE LOKANTALAR
TERA,MALİ KURULUŞLAR,MALİ KURULUŞLAR
TEZOL,İMALAT,İMALAT
TGSAS,TOPTAN VE PERAKENDE TİCARET,TOPTAN VE PERAKENDE TİCARET
THYAO,ULAŞTIRMA VE DEPOLAMA,ULAŞTIRMA VE DEPOLAMA
TKFEN,MALİ KURULUŞLAR,MALİ KURULUŞLAR
TKNSA,TOPTAN VE PERAKENDE TİCARET,TOPTAN VE PERAKENDE TİCARET
TLMAN,ULAŞTIRMA VE DEPOLAMA,ULAŞTIRMA VE DEPOLAMA
TMPOL,İMALAT,İMALAT
TMSN,İMALAT,İMALAT
TNZTP,EĞİTİM SAĞLIK SPOR VE EĞLENCE HİZMETLERİ,EĞİTİM SAĞLIK SPOR VE EĞLENCE HİZMETLERİ
TOASO,İMALAT,İMALAT
TRALT,MADENCİLİK VE TAŞ OCAKÇILIĞI,MADENCİLİK VE TAŞ OCAKÇILIĞI
TRCAS,MALİ KURULUŞLAR,MALİ KURULUŞLAR
TRENJ,MADENCİLİK VE TAŞ OCAKÇILIĞI,MADENCİLİK VE TAŞ OCAKÇILIĞI
TRGYO,MALİ KURULUŞLAR,MALİ KURULUŞLAR
TRHOL,MALİ KURULUŞLAR,MALİ KURULUŞLAR
TRILC,İMALAT,İMALAT
TRMET,MADENCİLİK VE TAŞ OCAKÇILIĞI,MADENCİLİK VE TAŞ OCAKÇILIĞI
TSGYO,MALİ KURULUŞLAR,MALİ KURULUŞLAR
TSKB,MALİ KURULUŞLAR,MALİ KURULUŞLAR
TSPOR,EĞİTİM SAĞLIK SPOR VE EĞLENCE HİZMETLERİ,EĞİTİM SAĞLIK SPOR VE EĞLENCE HİZMETLERİ
TTKOM,BİLGİ VE İLETİŞİM,BİLGİ VE İLETİŞİM
TTRAK,İMALAT,İMALAT
TUCLK,İMALAT,İMALAT
TUKAS,İMALAT,İMALAT
TUPRS,İMALAT,İMALAT
TUREX,ULAŞTIRMA VE DEPOLAMA,ULAŞTIRMA VE DEPOLAMA
TURGG,İNŞAAT VE BAYINDIRLIK,İNŞAAT VE BAYINDIRLIK
TURSG,MALİ KURULUŞLAR,MALİ KURULUŞLAR
UCAYM,İNŞAAT VE BAYINDIRLIK,İNŞAAT VE BAYINDIRLIK
UFUK,MALİ KURULUŞLAR,MALİ KURULUŞLAR
ULAS,OTELLER VE LOKANTALAR,OTELLER VE LOKANTALAR
ULKER,İMALAT,İMALAT
ULUFA,MALİ KURULUŞLAR,MALİ KURULUŞLAR
ULUSE,İMALAT,İMALAT
ULUUN,İMALAT,İMALAT
UMPAS,MALİ KURULUŞLAR,MALİ KURULUŞLAR
UNLU,MALİ KURULUŞLAR,MALİ KURULUŞLAR
USAK,İMALAT,İMALAT
VAKBN,MALİ KURULUŞLAR,MALİ KURULUŞLAR
VAKFA,MALİ KURULUŞLAR,MALİ KURULUŞLAR
VAKFN,MALİ KURULUŞLAR,MALİ KURULUŞLAR
VAKKO,TOPTAN VE PERAKENDE TİCARET,TOPTAN VE PERAKENDE TİCARET
VANGD,İMALAT,İMALAT
VBTYZ,TEKNOLOJİ,TEKNOLOJİ
VERTU,MALİ KURULUŞLAR,MALİ KURULUŞLAR
VERUS,MALİ KURULUŞLAR,MALİ KURULUŞLAR
VESBE,İMALAT,İMALAT
VESTL,İMALAT,İMALAT
VKFYO,MALİ KURULUŞLAR,MALİ KURULUŞLAR
VKGYO,MALİ KURULUŞLAR,MALİ KURULUŞLAR
VKING,İMALAT,İMALAT
VRGYO,MALİ KURULUŞLAR,MALİ KURULUŞLAR
VSNMD,MADENCİLİK VE TAŞ OCAKÇILIĞI,MADENCİLİK VE TAŞ OCAKÇILIĞI
YAPRK,"TARIM, ORMANCILIK VE BALIKÇILIK","TARIM, ORMANCILIK VE BALIKÇILIK"
YATAS,İMALAT,İMALAT
YAYLA,İNŞAAT VE BAYINDIRLIK,İNŞAAT VE BAYINDIRLIK
YBTAS,İMALAT,İMALAT
YEOTK,"MESLEKİ, BİLİMSEL VE TEKNİK FAALİYETLER","MESLEKİ, BİLİMSEL VE TEKNİK FAALİYETLER"
YESIL,MALİ KURULUŞLAR,MALİ KURULUŞLAR
YGGYO,MALİ KURULUŞLAR,MALİ KURULUŞLAR
YGYO,MALİ KURULUŞLAR,MALİ KURULUŞLAR
YIGIT,İMALAT,İMALAT
YKBNK,MALİ KURULUŞLAR,MALİ KURULUŞLAR
YKSLN,İMALAT,İMALAT
YONGA,İMALAT,İMALAT
YUNSA,İMALAT,İMALAT
YYAPI,İNŞAAT VE BAYINDIRLIK,İNŞAAT VE BAYINDIRLIK
YYLGD,İMALAT,İMALAT
ZEDUR,ELEKTRİK GAZ VE SU,ELEKTRİK GAZ VE SU
ZERGY,MALİ KURULUŞLAR,MALİ KURULUŞLAR
ZGYO,MALİ KURULUŞLAR,MALİ KURULUŞLAR
ZOREN,ELEKTRİK GAZ VE SU,ELEKTRİK GAZ VE SU
ZRGYO,MALİ KURULUŞLAR,MALİ KURULUŞLAR
